{"cameraMode":{"drawMode":0,"name":"Shaded","section":"Shading Mode"},"sceneLighting":false,"audioPlay":false,"sceneViewState":{"m_AlwaysRefresh":false,"showFog":true,"showSkybox":false,"showFlares":true,"showImageEffects":true,"showParticleSystems":true,"showVisualEffectGraphs":true,"m_FxEnabled":true},"in2DMode":false,"pivot":{"x":-48.232112884521487,"y":2.252354860305786,"z":-3.07529354095459},"rotation":{"x":0.04314970597624779,"y":0.12406117469072342,"z":-0.005400069523602724,"w":0.9913214445114136},"size":12.456989288330079,"orthographic":false}