{"cameraMode":{"drawMode":0,"name":"Shaded","section":"Shading Mode"},"sceneLighting":false,"audioPlay":false,"sceneViewState":{"m_AlwaysRefresh":false,"showFog":true,"showSkybox":false,"showFlares":true,"showImageEffects":true,"showParticleSystems":true,"showVisualEffectGraphs":true,"m_FxEnabled":true},"in2DMode":false,"pivot":{"x":-2.1224842071533205,"y":-2.3623905181884767,"z":0.18994712829589845},"rotation":{"x":0.23214979469776154,"y":0.3533403277397156,"z":-0.09094677865505219,"w":0.9016014933586121},"size":46.0499267578125,"orthographic":false}