{"cameraMode":{"drawMode":0,"name":"Shaded","section":"Shading Mode"},"sceneLighting":false,"audioPlay":false,"sceneViewState":{"m_AlwaysRefresh":false,"showFog":true,"showSkybox":false,"showFlares":true,"showImageEffects":true,"showParticleSystems":true,"showVisualEffectGraphs":true,"m_FxEnabled":true},"in2DMode":false,"pivot":{"x":-48.59284210205078,"y":1.7687342166900635,"z":-0.31777048110961916},"rotation":{"x":0.0883633941411972,"y":-0.020915620028972627,"z":0.0018547212239354849,"w":0.9958407282829285},"size":2.0294337272644045,"orthographic":false}